{"coef": [[1.4345886753925274, -0.9658900133665431, 2.008855510734795, 2.7106809923668806, 0.7899616916841833, -0.0711929008991681]], "intercept": [-4.78377710351555]}