{"mean": [300.00545, 310.0060625, 1539.356875, 40.0033625, 107.685, 1.199], "scale": [1.996719258558899, 1.4793392092734339, 180.9716311061885, 10.018919350089297, 63.608026419627265, 0.5972009711981386]}